INSERT INTO user_type VALUES(1, 'Básico');
INSERT INTO user_type VALUES(2, 'Premium');

INSERT INTO users(username,password,enabled) VALUES ('antonio98','Usuar10',TRUE);
INSERT INTO authorities(id,username,authority) VALUES (1,'antonio98','usuario');
INSERT INTO authorities(id,username,authority) VALUES (2,'antonio98','premium');
INSERT INTO users(username,password,enabled) VALUES ('fernando98','Usuar10',TRUE);
INSERT INTO authorities(id,username,authority) VALUES (3,'fernando98','usuario');
INSERT INTO users(username,password,enabled) VALUES ('marta98','Usuar10',TRUE);
INSERT INTO authorities(id,username,authority) VALUES (4,'marta98','usuario');

INSERT INTO users(username,password,enabled) VALUES ('antonio01','Usuar10',TRUE);
INSERT INTO authorities(id,username,authority) VALUES (5,'antonio01','usuario');
INSERT INTO authorities(id,username,authority) VALUES (6,'antonio01','premium');
INSERT INTO users(username,password,enabled) VALUES ('antonio02','Usuar10',TRUE);
INSERT INTO authorities(id,username,authority) VALUES (7,'antonio02','usuario');
INSERT INTO authorities(id,username,authority) VALUES (8,'antonio02','premium');
INSERT INTO users(username,password,enabled) VALUES ('antonio03','Usuar10',TRUE);
INSERT INTO authorities(id,username,authority) VALUES (9,'antonio03','usuario');
INSERT INTO authorities(id,username,authority) VALUES (10,'antonio03','premium');
INSERT INTO users(username,password,enabled) VALUES ('antonio04','Usuar10',TRUE);
INSERT INTO authorities(id,username,authority) VALUES (11,'antonio04','usuario');
INSERT INTO authorities(id,username,authority) VALUES (12,'antonio04','premium');
INSERT INTO users(username,password,enabled) VALUES ('antonio05','Usuar10',TRUE);
INSERT INTO authorities(id,username,authority) VALUES (13,'antonio05','usuario');
INSERT INTO authorities(id,username,authority) VALUES (14,'antonio05','premium');
INSERT INTO users(username,password,enabled) VALUES ('antonio06','Usuar10',TRUE);
INSERT INTO authorities(id,username,authority) VALUES (15,'antonio06','usuario');
INSERT INTO authorities(id,username,authority) VALUES (16,'antonio06','premium');
INSERT INTO users(username,password,enabled) VALUES ('antonio07','Usuar10',TRUE);
INSERT INTO authorities(id,username,authority) VALUES (17,'antonio07','usuario');
INSERT INTO authorities(id,username,authority) VALUES (18,'antonio07','premium');
INSERT INTO users(username,password,enabled) VALUES ('antonio08','Usuar10',TRUE);
INSERT INTO authorities(id,username,authority) VALUES (19,'antonio08','usuario');
INSERT INTO authorities(id,username,authority) VALUES (20,'antonio08','premium');
INSERT INTO users(username,password,enabled) VALUES ('antonio09','Usuar10',TRUE);
INSERT INTO authorities(id,username,authority) VALUES (21,'antonio09','usuario');
INSERT INTO authorities(id,username,authority) VALUES (22,'antonio09','premium');
INSERT INTO users(username,password,enabled) VALUES ('antonio10','Usuar10',TRUE);
INSERT INTO authorities(id,username,authority) VALUES (23,'antonio10','usuario');
INSERT INTO authorities(id,username,authority) VALUES (24,'antonio10','premium');
INSERT INTO users(username,password,enabled) VALUES ('antonio11','Usuar10',TRUE);
INSERT INTO authorities(id,username,authority) VALUES (25,'antonio11','usuario');
INSERT INTO authorities(id,username,authority) VALUES (26,'antonio11','premium');
INSERT INTO users(username,password,enabled) VALUES ('antonio12','Usuar10',TRUE);
INSERT INTO authorities(id,username,authority) VALUES (27,'antonio12','usuario');
INSERT INTO authorities(id,username,authority) VALUES (28,'antonio12','premium');
INSERT INTO users(username,password,enabled) VALUES ('antonio13','Usuar10',TRUE);
INSERT INTO authorities(id,username,authority) VALUES (29,'antonio13','usuario');
INSERT INTO authorities(id,username,authority) VALUES (30,'antonio13','premium');
INSERT INTO users(username,password,enabled) VALUES ('antonio14','Usuar10',TRUE);
INSERT INTO authorities(id,username,authority) VALUES (31,'antonio14','usuario');
INSERT INTO authorities(id,username,authority) VALUES (32,'antonio14','premium');
INSERT INTO users(username,password,enabled) VALUES ('antonio15','Usuar10',TRUE);
INSERT INTO authorities(id,username,authority) VALUES (33,'antonio15','usuario');
INSERT INTO authorities(id,username,authority) VALUES (34,'antonio15','premium');

INSERT INTO usuarios(id, name, birthdate, correo, description, phone, type_id,puntos, username) VALUES(1, 'Antonio', '1999-02-20', 'antonio@gmail.com', 'Soy un gran aficionado a los deportes, tengo mucho tiempo libre.', '654893274', 2, 10,'antonio98');
INSERT INTO usuarios(id, name, birthdate, correo, description, phone, type_id,puntos, username) VALUES(2, 'Fernando', '1995-07-06', 'fernando1@gmail.com', null, '635897412', 1, 10,'fernando98');
INSERT INTO usuarios(id, name, birthdate, correo, description, phone, type_id,puntos, username) VALUES(3, 'Marta', '1992-03-25', 'marta1@gmail.com', 'Holi, me encanta hacer senderismo ¿Te vienes?', '954785123', 1, 10,'marta98');
INSERT INTO usuarios(id, name, birthdate, correo, description, phone, type_id,puntos, username) VALUES(4, 'Antonio', '1999-02-20', 'antonio1@gmail.com', null, '654893270', 2,10,'antonio01');
INSERT INTO usuarios(id, name, birthdate, correo, description, phone, type_id,puntos, username) VALUES(5, 'Antonio', '1999-02-20', 'antonio2@gmail.com', null, '654893271', 2,10,'antonio02');
INSERT INTO usuarios(id, name, birthdate, correo, description, phone, type_id,puntos, username) VALUES(6, 'Antonio', '1999-02-20', 'antonio3@gmail.com', null, '654893272', 2,10,'antonio03');
INSERT INTO usuarios(id, name, birthdate, correo, description, phone, type_id,puntos, username) VALUES(7, 'Antonio', '1999-02-20', 'antonio4@gmail.com', null,'654893273', 2,10,'antonio04');
INSERT INTO usuarios(id, name, birthdate, correo, description, phone, type_id,puntos, username) VALUES(8, 'Antonio', '1999-02-20', 'antonio5@gmail.com', null, '654893574', 2,10,'antonio05');
INSERT INTO usuarios(id, name, birthdate, correo, description, phone, type_id,puntos, username) VALUES(9, 'Antonio', '1999-02-20', 'antonio6@gmail.com', null, '654893275', 2,10,'antonio06');
INSERT INTO usuarios(id, name, birthdate, correo, description, phone, type_id,puntos, username) VALUES(10, 'Antonio', '1999-02-20', 'antonio7@gmail.com', null, '654893276', 2,10,'antonio07');
INSERT INTO usuarios(id, name, birthdate, correo, description, phone, type_id,puntos, username) VALUES(11, 'Antonio', '1999-02-20', 'antonio8@gmail.com', null, '654893277', 2,10,'antonio08');
INSERT INTO usuarios(id, name, birthdate, correo, description, phone, type_id,puntos, username) VALUES(12, 'Antonio', '1999-02-20', 'antonio9@gmail.com', null, '654893278', 2,10,'antonio09');
INSERT INTO usuarios(id, name, birthdate, correo, description, phone, type_id,puntos, username) VALUES(13, 'Antonio', '1999-02-20', 'antonio10@gmail.com', null, '654893279', 2,10,'antonio10');
INSERT INTO usuarios(id, name, birthdate, correo, description, phone, type_id,puntos, username) VALUES(14, 'Antonio', '1999-02-20', 'antonio11@gmail.com', null, '654893214', 2,10,'antonio11');
INSERT INTO usuarios(id, name, birthdate, correo, description, phone, type_id,puntos, username) VALUES(15, 'Antonio', '1999-02-20', 'antonio12@gmail.com', null, '654893224', 2,10,'antonio12');
INSERT INTO usuarios(id, name, birthdate, correo, description, phone, type_id,puntos, username) VALUES(16, 'Antonio', '1999-02-20', 'antonio13@gmail.com', null, '654893234', 2,10,'antonio13');
INSERT INTO usuarios(id, name, birthdate, correo, description, phone, type_id,puntos, username) VALUES(17, 'Antonio', '1999-02-20', 'antonio14@gmail.com', null, '654893244', 2,10,'antonio14');
INSERT INTO usuarios(id, name, birthdate, correo, description, phone, type_id,puntos, username) VALUES(18, 'Antonio', '1999-02-20', 'antonio15@gmail.com', null, '654893254', 2,10,'antonio15');

INSERT INTO sport_type(id, name) VALUES(1, 'Equipo');
INSERT INTO sport_type(id, name) VALUES(2, 'Individual');

INSERT INTO sports(id, name, number_of_players_in_team, sport_type) VALUES(1, 'Tenis', 1, 1);
INSERT INTO sports(id, name, number_of_players_in_team, sport_type) VALUES(2, 'Fútbol 11', 11, 1);
INSERT INTO sports(id, name, number_of_players_in_team, sport_type) VALUES(3, 'Fútbol sala', 5, 1);
INSERT INTO sports(id, name, number_of_players_in_team, sport_type) VALUES(4, 'Fútbol 7', 7, 1);
INSERT INTO sports(id, name, number_of_players_in_team, sport_type) VALUES(5, 'Pádel', 2, 1);
INSERT INTO sports(id, name, number_of_players_in_team, sport_type) VALUES(6, 'Baloncesto', 5, 1);
INSERT INTO sports(id, name, number_of_players_in_team, sport_type) VALUES(7, 'Running', 1, 2);
INSERT INTO sports(id, name, number_of_players_in_team, sport_type) VALUES(8, 'Voleibol', 6, 1);
INSERT INTO sports(id, name, number_of_players_in_team, sport_type) VALUES(9, 'Hockey', 6, 1);
INSERT INTO sports(id, name, number_of_players_in_team, sport_type) VALUES(10, 'Gimnasio', 1, 2);
INSERT INTO sports(id, name, number_of_players_in_team, sport_type) VALUES(11, 'Yoga', 1, 2);
INSERT INTO sports(id, name, number_of_players_in_team, sport_type) VALUES(12, 'Senderismo', 1, 2);
INSERT INTO sports(id, name, number_of_players_in_team, sport_type) VALUES(13, 'Balonmano', 7, 1);
INSERT INTO sports(id, name, number_of_players_in_team, sport_type) VALUES(14, 'Ciclismo', 1, 2);
INSERT INTO sports(id, name, number_of_players_in_team, sport_type) VALUES(15, 'Golf', 1, 2);
INSERT INTO sports(id, name, number_of_players_in_team, sport_type) VALUES(16, 'Natación', 1, 2);
INSERT INTO sports(id, name, number_of_players_in_team, sport_type) VALUES(17, 'Karting', 1, 2);
INSERT INTO sports(id, name, number_of_players_in_team, sport_type) VALUES(18, 'Pilates', 1, 2);

INSERT INTO meetings(id, address, city, date, description, number_of_players,meeting_creator, sport_id, creation_date) 
VALUES(1, 'Polideportivo Ciudad Jardin', 'Sevilla', '2021/06/15 11:00:00', 'Nos lo vamos a pasar genial! Apuntaos!', 2,1, 1, '2021/03/15');
INSERT INTO meetings(id, address, city, date, description, number_of_players,meeting_creator, sport_id, creation_date) 
VALUES(2, 'Polideportivo San Pablo', 'Sevilla', '2021/04/15 11:20:00', 'Vamos a realizar mucho deporte.', 2,1, 1, '2021/04/13');
INSERT INTO meetings(id, address, city, date, description, number_of_players,meeting_creator, sport_id, creation_date) 
VALUES(3, 'Tenis Betis', 'Sevilla', '2021/05/23 13:30:00', 'No dudéis en apuntarse!!', 4,2, 1, '2021/02/15');
INSERT INTO meetings(id, address, city, date, description, number_of_players,meeting_creator, sport_id, creation_date) 
VALUES(4, 'Club Santa Clara', 'Sevilla', '2021/04/30 11:20:00', 'Lo vamos a pasar increible!!', 2,3, 1, '2021/01/15');
INSERT INTO meetings(id, address, city, date, description, number_of_players,meeting_creator, sport_id, creation_date) 
VALUES(5, 'SADUS Bermejales', 'Sevilla', '2021/05/11 17:20:00', 'Apúntense amigos! Lo vamos a pasar muy bien!', 2,1, 1,'2020/12/15');
INSERT INTO meetings(id, address, city, date, description, number_of_players,meeting_creator, sport_id, creation_date) 
VALUES(6, 'Polideportivo Marbella Vice', 'Sevilla', '2021/04/20 11:45:00', 'Quedada para pasar un buen rato!', 4,2, 1, '2020/11/15');
INSERT INTO meetings(id, address, city, date, description, number_of_players,meeting_creator, sport_id, creation_date) 
VALUES(7, 'Polideportivo Los Caños', 'Sevilla', '2021/04/15 09:20:00', 'Mientras más seamos mejor! No dudéis en venir!', 4,3, 1, '2020/10/15');

INSERT INTO meetings_participants(meetings_id, participants_id) VALUES(1, 1);


INSERT INTO championships(id, name, city, description, finish_date, max_teams, start_date, sport_id, owner) 
VALUES(1, 'Torneo ATP', 'Sevilla', 'Torneo oficial de la ATP', '2021/06/25 12:00:00', 8, '2021/06/15 11:00:00', 1, 1);
INSERT INTO championships(id, name, city, description, finish_date, max_teams, start_date, sport_id, owner) 
VALUES(2, 'Torneo entre amigos', 'Sevilla', 'Torneo disputado entre amigos! Nos falta gente!', '2021/04/12 16:45:00', 16, '2021/04/06 18:45:00', 1, 1);
INSERT INTO championships(id, name, city, description, finish_date, max_teams, start_date, sport_id, owner) 
VALUES(3, 'Torneo Oficial', 'Sevilla', 'Torneo con jugadores semiprofesionales. Apuntarse sólo jugadores con ranking ATP.', '2021/05/23 12:00:00', 16, '2021/05/15 14:00:00', 1, 1);
INSERT INTO championships(id, name, city, description, finish_date, max_teams, start_date, sport_id, owner) 
VALUES(4, 'Torneo Pachanga', 'Sevilla', 'Torneo organizado para pasarlo bien con otras personas', '2021/05/15 12:00:00', 8, '2021/04/15 11:00:00', 1, 1);
INSERT INTO championships(id, name, city, description, finish_date, max_teams, start_date, sport_id, owner) 
VALUES(5, 'Torneo para jugadores avanzados', 'Sevilla', 'Torneo organizado para jugadores avanzandos.', '2021/06/15 12:00:00', 8, '2021/05/15 11:00:00', 1, 4);
INSERT INTO championships(id, name, city, description, finish_date, max_teams, start_date, sport_id, owner) 
VALUES(6, 'Torneo Profesional', 'Sevilla', 'Sólo jugadores profesionales!', '2021/04/17 12:00:00', 16, '2021/04/16 11:00:00', 1, 4);
INSERT INTO championships(id, name, city, description, finish_date, max_teams, start_date, sport_id, owner) 
VALUES(7, 'Torneo Antonio SL', 'Sevilla', 'Torneo patrocinado por Antonio SL! Apuntaos!', '2021/05/15 12:00:00', 4, '2021/04/15 11:00:00', 2, 1);
INSERT INTO championships(id, name, city, description, finish_date, max_teams, start_date, sport_id, owner) 
VALUES(8, 'Torneo US', 'Sevilla', 'Torneo para estudiantes de la US.', '2021/05/15 12:00:00', 4, '2021/04/15 11:00:00', 3, 1);

INSERT INTO statistics(id, sport_id, user_id) VALUES(1, 1, 1);
INSERT INTO statistics(id, sport_id, user_id) VALUES(2, 2, 2);

INSERT INTO pay_type(id, name) VALUES(1, 'Premium');
INSERT INTO pay_type(id, name) VALUES(2, 'Championship');
INSERT INTO pay_type(id, name) VALUES(3, 'Invitation');

INSERT INTO pay(id, amount, date, pay_type_id, championship_id, team_id, user_id, invitation_id) VALUES(1, 2.0, '2021/01/16', 2, 8, 8, 3, null);
INSERT INTO pay(id, amount, date, pay_type_id, championship_id, team_id, user_id, invitation_id) VALUES(2, 5.0, CURRENT_TIMESTAMP, 1, null, null, 1, null);
INSERT INTO pay(id, amount, date, pay_type_id, championship_id, team_id, user_id, invitation_id) VALUES(3, 5.0, CURRENT_TIMESTAMP, 1, null, null, 4, null);
INSERT INTO pay(id, amount, date, pay_type_id, championship_id, team_id, user_id, invitation_id) VALUES(4, 5.0, CURRENT_TIMESTAMP, 1, null, null, 5, null);
INSERT INTO pay(id, amount, date, pay_type_id, championship_id, team_id, user_id, invitation_id) VALUES(5, 5.0, CURRENT_TIMESTAMP, 1, null, null, 6, null);
INSERT INTO pay(id, amount, date, pay_type_id, championship_id, team_id, user_id, invitation_id) VALUES(6, 5.0, CURRENT_TIMESTAMP, 1, null, null, 7, null);
INSERT INTO pay(id, amount, date, pay_type_id, championship_id, team_id, user_id, invitation_id) VALUES(7, 5.0, CURRENT_TIMESTAMP, 1, null, null, 8, null);
INSERT INTO pay(id, amount, date, pay_type_id, championship_id, team_id, user_id, invitation_id) VALUES(8, 5.0, CURRENT_TIMESTAMP, 1, null, null, 9, null);
INSERT INTO pay(id, amount, date, pay_type_id, championship_id, team_id, user_id, invitation_id) VALUES(9, 5.0, CURRENT_TIMESTAMP, 1, null, null, 10, null);
INSERT INTO pay(id, amount, date, pay_type_id, championship_id, team_id, user_id, invitation_id) VALUES(10, 5.0, CURRENT_TIMESTAMP, 1, null, null, 11, null);
INSERT INTO pay(id, amount, date, pay_type_id, championship_id, team_id, user_id, invitation_id) VALUES(11, 5.0, CURRENT_TIMESTAMP, 1, null, null, 12, null);
INSERT INTO pay(id, amount, date, pay_type_id, championship_id, team_id, user_id, invitation_id) VALUES(12, 5.0, CURRENT_TIMESTAMP, 1, null, null, 13, null);
INSERT INTO pay(id, amount, date, pay_type_id, championship_id, team_id, user_id, invitation_id) VALUES(13, 5.0, CURRENT_TIMESTAMP, 1, null, null, 14, null);
INSERT INTO pay(id, amount, date, pay_type_id, championship_id, team_id, user_id, invitation_id) VALUES(14, 5.0, CURRENT_TIMESTAMP, 1, null, null, 15, null);
INSERT INTO pay(id, amount, date, pay_type_id, championship_id, team_id, user_id, invitation_id) VALUES(15, 5.0, CURRENT_TIMESTAMP, 1, null, null, 16, null);
INSERT INTO pay(id, amount, date, pay_type_id, championship_id, team_id, user_id, invitation_id) VALUES(16, 5.0, CURRENT_TIMESTAMP, 1, null, null, 17, null);
INSERT INTO pay(id, amount, date, pay_type_id, championship_id, team_id, user_id, invitation_id) VALUES(17, 5.0, CURRENT_TIMESTAMP, 1, null, null, 18, null);
INSERT INTO pay(id, amount, date, pay_type_id, championship_id, team_id, user_id, invitation_id) VALUES(18, 5.0, null, 1, null, null, 3, null);
INSERT INTO pay(id, amount, date, pay_type_id, championship_id, team_id, user_id, invitation_id) VALUES(19, 2.0, '2021/03/05', 2, 7, 7, 3, null);
INSERT INTO pay(id, amount, date, pay_type_id, championship_id, team_id, user_id, invitation_id) VALUES(20, 2.0, null, 2, 7, 7, 3, null);

INSERT INTO teams(id, name, team_size, championships_id, owner) VALUES(1, 'Los Lobos', 1, 1, 10);
INSERT INTO teams(id, name, team_size, championships_id, owner) VALUES(2, 'Equipo San Pablo', 1, 1,11);
INSERT INTO teams(id, name, team_size, championships_id, owner) VALUES(3, 'Santa Aurelia', 1, 1, 12);
INSERT INTO teams(id, name, team_size, championships_id, owner) VALUES(4, 'Equipazo', 1, 1, 13);
INSERT INTO teams(id, name, team_size, championships_id, owner) VALUES(5, 'Equipito', 1, 1, 14);
INSERT INTO teams(id, name, team_size, championships_id, owner) VALUES(6, 'Equipo Centro', 1, 1, 15);
INSERT INTO teams(id, name, team_size, championships_id, owner) VALUES(7, 'Cualquiera', 1, 1, 16);
INSERT INTO teams(id, name, team_size, championships_id, owner) VALUES(8, 'Mejor de todos', 1, 1, 17);

INSERT INTO teams_participants(teams_id, participants_id) VALUES(2, 11);
INSERT INTO teams_participants(teams_id, participants_id) VALUES(3, 12);
INSERT INTO teams_participants(teams_id, participants_id) VALUES(4, 13);
INSERT INTO teams_participants(teams_id, participants_id) VALUES(5, 14);
INSERT INTO teams_participants(teams_id, participants_id) VALUES(6, 15);
INSERT INTO teams_participants(teams_id, participants_id) VALUES(7, 16);
INSERT INTO teams_participants(teams_id, participants_id) VALUES(8, 17);

INSERT INTO teams(id, name, team_size, championships_id, owner) VALUES(9, 'Los Remedios', 1, 2, 1);
INSERT INTO teams(id, name, team_size, championships_id, owner) VALUES(10, 'Equipo Club', 1, 2, 2);
INSERT INTO teams(id, name, team_size, championships_id, owner) VALUES(11, 'Nervion FC', 1, 2, 3);
INSERT INTO teams(id, name, team_size, championships_id, owner) VALUES(12, 'Equipazo', 1, 2, 4);
INSERT INTO teams(id, name, team_size, championships_id, owner) VALUES(13, 'Equipito', 1, 2, 5);
INSERT INTO teams(id, name, team_size, championships_id, owner) VALUES(14, 'PRRR', 1, 2, 6);
INSERT INTO teams(id, name, team_size, championships_id, owner) VALUES(15, 'Cualquiera', 1, 2, 7);
INSERT INTO teams(id, name, team_size, championships_id, owner) VALUES(16, 'Equipun', 1, 2, 8);
INSERT INTO teams(id, name, team_size, championships_id, owner) VALUES(17, 'Sevillanos', 1, 2, 9);
INSERT INTO teams(id, name, team_size, championships_id, owner) VALUES(18, 'Nervion Team', 1, 2, 10);
INSERT INTO teams(id, name, team_size, championships_id, owner) VALUES(19, 'Gaditanos', 1, 2, 11);
INSERT INTO teams(id, name, team_size, championships_id, owner) VALUES(20, 'BETIS FC', 1, 2, 12);
INSERT INTO teams(id, name, team_size, championships_id, owner) VALUES(21, 'Bayern', 1, 2, 13);
INSERT INTO teams(id, name, team_size, championships_id, owner) VALUES(22, 'Mejores', 1, 2, 14);
INSERT INTO teams(id, name, team_size, championships_id, owner) VALUES(23, 'Javi team', 1, 2, 15);
INSERT INTO teams(id, name, team_size, championships_id, owner) VALUES(24, 'Cubero team', 1, 2, 16);

INSERT INTO teams_participants(teams_id, participants_id) VALUES(9, 1);
INSERT INTO teams_participants(teams_id, participants_id) VALUES(10, 2);
INSERT INTO teams_participants(teams_id, participants_id) VALUES(11, 3);
INSERT INTO teams_participants(teams_id, participants_id) VALUES(12, 4);
INSERT INTO teams_participants(teams_id, participants_id) VALUES(13, 5);
INSERT INTO teams_participants(teams_id, participants_id) VALUES(14, 6);
INSERT INTO teams_participants(teams_id, participants_id) VALUES(15, 7);
INSERT INTO teams_participants(teams_id, participants_id) VALUES(16, 8);
INSERT INTO teams_participants(teams_id, participants_id) VALUES(17, 9);
INSERT INTO teams_participants(teams_id, participants_id) VALUES(18, 10);
INSERT INTO teams_participants(teams_id, participants_id) VALUES(19, 11);
INSERT INTO teams_participants(teams_id, participants_id) VALUES(20, 12);
INSERT INTO teams_participants(teams_id, participants_id) VALUES(21, 13);
INSERT INTO teams_participants(teams_id, participants_id) VALUES(22, 14);
INSERT INTO teams_participants(teams_id, participants_id) VALUES(23, 15);
INSERT INTO teams_participants(teams_id, participants_id) VALUES(24, 16);

INSERT INTO invitations(id, name, meeting_id, receiver_id, team_id) VALUES(1, "", null, 3, 3);
INSERT INTO invitations(id, name, meeting_id, receiver_id, team_id) VALUES(2, "", 1, 3, null);

INSERT INTO chat_type(id, name) VALUES(1, "Meeting");
INSERT INTO chat_type(id, name) VALUES(2, "Team");
INSERT INTO chat_type(id, name) VALUES(3, "Individual");

-- Chats para quedadas -->
INSERT INTO chat(id, chat_type_id, meeting_id, team_id, user1_id, user2_id) VALUES(1, 1, 1, null, null, null);
INSERT INTO chat(id, chat_type_id, meeting_id, team_id, user1_id, user2_id) VALUES(2, 1, 2, null, null, null);
INSERT INTO chat(id, chat_type_id, meeting_id, team_id, user1_id, user2_id) VALUES(3, 1, 3, null, null, null);
INSERT INTO chat(id, chat_type_id, meeting_id, team_id, user1_id, user2_id) VALUES(4, 1, 4, null, null, null);
INSERT INTO chat(id, chat_type_id, meeting_id, team_id, user1_id, user2_id) VALUES(5, 1, 5, null, null, null);
INSERT INTO chat(id, chat_type_id, meeting_id, team_id, user1_id, user2_id) VALUES(6, 1, 6, null, null, null);
INSERT INTO chat(id, chat_type_id, meeting_id, team_id, user1_id, user2_id) VALUES(7, 1, 7, null, null, null);

-- Chats para equipos -->
INSERT INTO chat(id, chat_type_id, meeting_id, team_id, user1_id, user2_id) VALUES(8, 2, null, 1, null, null);
INSERT INTO chat(id, chat_type_id, meeting_id, team_id, user1_id, user2_id) VALUES(9, 2, null, 2, null, null);
INSERT INTO chat(id, chat_type_id, meeting_id, team_id, user1_id, user2_id) VALUES(10, 2, null, 3, null, null);
INSERT INTO chat(id, chat_type_id, meeting_id, team_id, user1_id, user2_id) VALUES(11, 2, null, 4, null, null);
INSERT INTO chat(id, chat_type_id, meeting_id, team_id, user1_id, user2_id) VALUES(12, 2, null, 5, null, null);
INSERT INTO chat(id, chat_type_id, meeting_id, team_id, user1_id, user2_id) VALUES(13, 2, null, 6, null, null);
INSERT INTO chat(id, chat_type_id, meeting_id, team_id, user1_id, user2_id) VALUES(14, 2, null, 7, null, null);
INSERT INTO chat(id, chat_type_id, meeting_id, team_id, user1_id, user2_id) VALUES(15, 2, null, 8, null, null);
INSERT INTO chat(id, chat_type_id, meeting_id, team_id, user1_id, user2_id) VALUES(16, 2, null, 9, null, null);
INSERT INTO chat(id, chat_type_id, meeting_id, team_id, user1_id, user2_id) VALUES(17, 2, null, 10, null, null);
INSERT INTO chat(id, chat_type_id, meeting_id, team_id, user1_id, user2_id) VALUES(18, 2, null, 11, null, null);
INSERT INTO chat(id, chat_type_id, meeting_id, team_id, user1_id, user2_id) VALUES(19, 2, null, 12, null, null);
INSERT INTO chat(id, chat_type_id, meeting_id, team_id, user1_id, user2_id) VALUES(20, 2, null, 13, null, null);
INSERT INTO chat(id, chat_type_id, meeting_id, team_id, user1_id, user2_id) VALUES(21, 2, null, 14, null, null);
INSERT INTO chat(id, chat_type_id, meeting_id, team_id, user1_id, user2_id) VALUES(22, 2, null, 15, null, null);
INSERT INTO chat(id, chat_type_id, meeting_id, team_id, user1_id, user2_id) VALUES(23, 2, null, 16, null, null);
INSERT INTO chat(id, chat_type_id, meeting_id, team_id, user1_id, user2_id) VALUES(24, 2, null, 17, null, null);
INSERT INTO chat(id, chat_type_id, meeting_id, team_id, user1_id, user2_id) VALUES(25, 2, null, 18, null, null);
INSERT INTO chat(id, chat_type_id, meeting_id, team_id, user1_id, user2_id) VALUES(26, 2, null, 19, null, null);
INSERT INTO chat(id, chat_type_id, meeting_id, team_id, user1_id, user2_id) VALUES(27, 2, null, 20, null, null);
INSERT INTO chat(id, chat_type_id, meeting_id, team_id, user1_id, user2_id) VALUES(28, 2, null, 21, null, null);
INSERT INTO chat(id, chat_type_id, meeting_id, team_id, user1_id, user2_id) VALUES(29, 2, null, 22, null, null);
INSERT INTO chat(id, chat_type_id, meeting_id, team_id, user1_id, user2_id) VALUES(30, 2, null, 23, null, null);
INSERT INTO chat(id, chat_type_id, meeting_id, team_id, user1_id, user2_id) VALUES(31, 2, null, 24, null, null);